Workbook

Sheet Variecose
A1: COMMESSA: | B1: 215_ALFONSINE
A2: OPERA D'ARTE: | B2: VIADOTTO DI APPROCCIO EST
A3: Data: | B3: 45128
A4: File Midas: | B4: 02_Alfonsine_Viadotto est
A5: File SuperFoglio: | B5: 05_Alfonsine_Viadotto_EST_SPF
D7: Spalla | L7: Pila | X7: Pila
A8: concio : | D8: 1 | F8: 2 | H8: 3 | J8: 4 | L8: 5 | N8: 6 | P8: 7 | R8: 8 | T8: 9 | V8: 10 | X8: 11
A9: Giunzione bullonata o saldata? (B/S) [hmin | hmax]= | D9: S | E9: S | F9: S | G9: S | H9: S | I9: S | J9: S | K9: S | L9: S | M9: S | N9: S | O9: S | P9: S | Q9: S | R9: S | S9: S | T9: S | U9: S | V9: S | W9: S | X9: S | Y9: S
A10: Armatura longitudinale superiore al metro trasversale [n | Φ /m] = | D10: 5 | E10: 26 | F10: 5 | G10: 20 | H10: 5 | I10: 20 | J10: 10 | K10: 26 | L10: 10 | M10: 26 | N10: 10 | O10: 26 | P10: 10 | Q10: 22 | R10: 10 | S10: 16 | T10: 10 | U10: 22 | V10: 10 | W10: 26 | X10: 10 | Y10: 26
A11: Armatura longitudinale superiore al metro trasversale [mm2/m] = | D11: 2654.6458 | F11: 1570.7963 | H11: 1570.7963 | J11: 5309.2916 | L11: 5309.2916 | N11: 5309.2916 | P11: 3801.3271 | R11: 2010.6193 | T11: 3801.3271 | V11: 5309.2916 | X11: 5309.2916
A12: Distanza dall'estradosso soletta - arm.superiore [mm] = | D12: 50 | F12: 50 | H12: 50 | J12: 50 | L12: 50 | N12: 50 | P12: 50 | R12: 50 | T12: 50 | V12: 50 | X12: 50
A13: Armatura longitudinale inferiore al metro trasversale [n | Φ /m] = | J13: 10 | K13: 26 | L13: 10 | M13: 26 | N13: 10 | O13: 26 | V13: 10 | W13: 26 | X13: 10 | Y13: 26
A14: Armatura longitudinale inferiore al metro trasversale [mm2/m] = | D14: 0 | F14: 0 | H14: 0 | J14: 5309.2916 | L14: 5309.2916 | N14: 5309.2916 | P14: 0 | R14: 0 | T14: 0 | V14: 5309.2916 | X14: 5309.2916
A15: Distanza dall'estradosso soletta - arm.inferiore [mm] = | D15: 289 | F15: 289 | H15: 289 | J15: 270 | L15: 270 | N15: 270 | P15: 289 | R15: 289 | T15: 289 | V15: 270 | X15: 270
A16: Area della diagonale inferiore di controvento [mm2] = | D16: 0 | F16: 0 | H16: 0 | J16: 0 | L16: 0 | N16: 0 | P16: 0 | R16: 0 | T16: 0 | V16: 0 | X16: 0
C17: n° di diagonali in una maglia = | D17: 0 | F17: 0 | H17: 0 | J17: 0 | L17: 0 | N17: 0 | P17: 0 | R17: 0 | T17: 0 | V17: 0 | X17: 0
A18: Larghezza soletta [mm] = | D18: 14300 | F18: 14300 | H18: 14300 | J18: 14300 | L18: 14300 | N18: 14300 | P18: 14300 | R18: 14300 | T18: 14300 | V18: 14300 | X18: 14300
A19: Sbalzo soletta lato di verifica [mm] = | D19: 2650 | F19: 2650 | H19: 2650 | J19: 2650 | L19: 2650 | N19: 2650 | P19: 2650 | R19: 2650 | T19: 2650 | V19: 2650 | X19: 2650
A20: Riduzione soletta collaborante [sbalzo | interno ] [mm] = | D20: 0 | E20: 0 | F20: 0 | G20: 0 | H20: 0 | I20: 0 | J20: 0 | K20: 0 | L20: 0 | M20: 0 | N20: 0 | O20: 0 | P20: 0 | Q20: 0 | R20: 0 | S20: 0 | T20: 0 | U20: 0 | V20: 0 | W20: 0 | X20: 0 | Y20: 0
A21: LAMIERE
C22: Rapporto limite per il web breathing | rapporto bw/tw | D22: 184 | E22: 106.8 | F22: 184 | G22: 131.625 | H22: 184 | I22: 105.3 | J22: 184 | K22: 87.5 | L22: 184 | M22: 85 | N22: 230 | O22: 86.666667 | P22: 230 | Q22: 105.3 | R22: 230 | S22: 131.625 | T22: 230 | U22: 105.6 | V22: 230 | W22: 87.5 | X22: 230 | Y22: 85
A23: concio : | D23: 1 | F23: 2 | H23: 3 | J23: 4 | L23: 5 | N23: 6 | P23: 7 | R23: 8 | T23: 9 | V23: 10 | X23: 11
A24: Lunghezza della travata [mm] = | D24: 38500 | F24: 38500 | H24: 38500 | J24: 38500 | L24: 38500 | N24: 50000 | P24: 50000 | R24: 50000 | T24: 50000 | V24: 50000 | X24: 50000
A25: Interasse superiore fra le travi [hmin | hmax] [mm] = | D25: 9000 | E25: 9000 | F25: 9000 | G25: 9000 | H25: 9000 | I25: 9000 | J25: 9000 | K25: 9000 | L25: 9000 | M25: 9000 | N25: 9000 | O25: 9000 | P25: 9000 | Q25: 9000 | R25: 9000 | S25: 9000 | T25: 9000 | U25: 9000 | V25: 9000 | W25: 9000 | X25: 9000 | Y25: 9000
A26: Inclinazione dell'anima [° | rad] = | D26: 0 | E26: 0 | F26: 0 | G26: 0 | H26: 0 | I26: 0 | J26: 0 | K26: 0 | L26: 0 | M26: 0 | N26: 0 | O26: 0 | P26: 0 | Q26: 0 | R26: 0 | S26: 0 | T26: 0 | U26: 0 | V26: 0 | W26: 0 | X26: 0 | Y26: 0
A27: Interasse inferiore fra le travi hmin | hmax [mm] = | D27: 9000 | E27: 9000 | F27: 9000 | G27: 9000 | H27: 9000 | I27: 9000 | J27: 9000 | K27: 9000 | L27: 9000 | M27: 9000 | N27: 9000 | O27: 9000 | P27: 9000 | Q27: 9000 | R27: 9000 | S27: 9000 | T27: 9000 | U27: 9000 | V27: 9000 | W27: 9000 | X27: 9000 | Y27: 9000
A28: Lunghezza concio [mm] = | D28: 7000 | F28: 11000 | H28: 10000 | J28: 5500 | L28: 10000 | N28: 7500 | P28: 7500 | R28: 10000 | T28: 7500 | V28: 7500 | X28: 10000
A29: Altezza media della trave [mm] = | D29: 2200 | F29: 2200 | H29: 2200 | J29: 2200 | L29: 2200 | N29: 2200 | P29: 2200 | R29: 2200 | T29: 2200 | V29: 2200 | X29: 2200
A30: Altezza minima della trave h1 [mm] = | D30: 2200 | F30: 2200 | H30: 2200 | J30: 2200 | L30: 2200 | N30: 2200 | P30: 2200 | R30: 2200 | T30: 2200 | V30: 2200 | X30: 2200
A31: Altezza massima della trave h2 [mm] = | D31: 2200 | F31: 2200 | H31: 2200 | J31: 2200 | L31: 2200 | N31: 2200 | P31: 2200 | R31: 2200 | T31: 2200 | V31: 2200 | X31: 2200
C32: area [mm2] = | D32: 93120 | F32: 108096 | H32: 116520 | J32: 135400 | L32: 216960 | N32: 146160 | P32: 116520 | R32: 108096 | T32: 111840 | V32: 138400 | X32: 216960
C33: peso concio [kg | kg/m] = | D33: 5116.944 | E33: 730.992 | F33: 9334.0896 | G33: 848.5536 | H33: 9146.82 | I33: 914.682 | J33: 5845.895 | K33: 1062.89 | L33: 17031.36 | M33: 1703.136 | N33: 8605.17 | O33: 1147.356 | P33: 6860.115 | Q33: 914.682 | R33: 8485.536 | S33: 848.5536 | T33: 6584.58 | U33: 877.944 | V33: 8148.3 | W33: 1086.44 | X33: 17031.36 | Y33: 1703.136
A34: Larghezza e spessore pb superiore esterna [mm] = | D34: 600 | E34: 24 | F34: 600 | G34: 24 | H34: 600 | I34: 24 | J34: 700 | K34: 30 | L34: 900 | M34: 40 | N34: 800 | O34: 40 | P34: 600 | Q34: 24 | R34: 600 | S34: 24 | T34: 600 | U34: 24 | V34: 800 | W34: 30 | X34: 900 | Y34: 40
A35: Larghezza e spessore pb superiore interna [mm] = | L35: 800 | M35: 40 | X35: 800 | Y35: 40
A36: Spessore e altezza anima [mm] = | D36: 20 | E36: 2136 | F36: 16 | G36: 2106 | H36: 20 | I36: 2106 | J36: 24 | K36: 2100 | L36: 24 | M36: 2040 | N36: 24 | O36: 2090 | P36: 20 | Q36: 2106 | R36: 16 | S36: 2106 | T36: 20 | U36: 2112 | V36: 24 | W36: 2100 | X36: 24 | Y36: 2040
A37: Larghezza e spessore pb inferiore interna [mm] = | F37: 800 | G37: 30 | H37: 800 | I37: 30 | J37: 800 | K37: 30 | L37: 1200 | M37: 40 | N37: 800 | O37: 30 | P37: 800 | Q37: 30 | R37: 800 | S37: 30 | T37: 800 | U37: 24 | V37: 800 | W37: 30 | X37: 1200 | Y37: 40
A38: Larghezza e spessore pb inferiore esterna [mm] = | D38: 900 | E38: 40 | F38: 900 | G38: 40 | H38: 900 | I38: 40 | J38: 1000 | K38: 40 | L38: 1300 | M38: 40 | N38: 1000 | O38: 40 | P38: 900 | Q38: 40 | R38: 900 | S38: 40 | T38: 900 | U38: 40 | V38: 1000 | W38: 40 | X38: 1300 | Y38: 40
A39: Concio fessurato / non fessurato [hmin | hmax] = | D39: NF | E39: NF | F39: NF | G39: NF | H39: NF | I39: NF | J39: NF | K39: F | L39: NF | M39: F | N39: NF | O39: F | P39: NF | Q39: NF | R39: NF | S39: NF | T39: NF | U39: NF | V39: NF | W39: F | X39: NF | Y39: F
A40: Stato prevalente soletta | D40: compressa | F40: compressa | H40: compressa | J40: tesa | L40: tesa | N40: tesa | P40: compressa | R40: compressa | T40: compressa | V40: tesa | X40: tesa
A41: Warning = | F41: Efficacia pb inf 100% | H41: Efficacia pb inf 100% | J41: Efficacia pb inf 100% | L41: Efficacia pb inf 100% | N41: Efficacia pb inf 100% | P41: Efficacia pb inf 100% | R41: Efficacia pb inf 100% | T41: Efficacia pb inf 99% | V41: Efficacia pb inf 100% | X41: Efficacia pb inf 100%
A42: RISULTATI DELLE VERIFICHE | L42: Conci calcolati SLU | M42: 12 | N42: / 17 | R42: Conci calcolati SLU | S42: 12 | T42: / 17 | X42: Conci calcolati fase g | Y42: 23
A44: concio : | D44: 1 | F44: 2 | H44: 3 | J44: 4 | L44: 5 | N44: 6 | P44: 7 | R44: 8 | T44: 9 | V44: 10 | X44: 11
A45: SLU fase g - RESISTENZA E STABILITA' | B45: massimo momento | D45: OK | E45: 0.42340347 | F45: OK | G45: 0.5798319 | H45: OK | I45: 0.43822041 | J45: OK | K45: 0.095456828 | L45: OK | M45: 0.22211918 | N45: OK | O45: 0.0024952387 | P45: OK | Q45: 0.40487479 | R45: OK | S45: 0.5443869 | T45: OK | U45: 0.4024658 | V45: OK | W45: 0.0088982085 | X45: OK | Y45: 0.23024945
D46: sup -0.423 | E46: inf 0.241 | F46: sup -0.580 | G46: inf 0.218 | H46: sup -0.438 | I46: inf 0.188 | J46: sup 0.095 | K46: inf -0.052 | L46: sup 0.222 | M46: inf -0.167 | N46: sup -0.002 | O46: inf 0.002 | P46: sup -0.405 | Q46: inf 0.162 | R46: sup -0.544 | S46: inf 0.191 | T46: sup -0.402 | U46: inf 0.168 | V46: sup 0.009 | W46: inf -0.005 | X46: sup 0.230 | Y46: inf -0.173
B47: minimo momento | D47: OK | E47: 5.7126234e-05 | F47: OK | G47: 0.45123552 | H47: OK | I47: 0.12548957 | J47: OK | K47: 0.092146191 | L47: OK | M47: 0.43726531 | N47: OK | O47: 0.40884657 | P47: OK | Q47: 0.015154477 | R47: OK | S47: 0.44399173 | T47: OK | U47: 0.01463474 | V47: OK | W47: 0.48542126 | X47: OK | Y47: 0.44727181
D48: sup 0.000 | E48: inf 0.000 | F48: sup -0.451 | G48: inf 0.170 | H48: sup 0.125 | I48: inf -0.057 | J48: sup -0.082 | K48: inf -0.092 | L48: sup 0.437 | M48: inf -0.328 | N48: sup 0.409 | O48: inf -0.269 | P48: sup 0.015 | Q48: inf -0.007 | R48: sup -0.444 | S48: inf 0.156 | T48: sup 0.015 | U48: inf -0.007 | V48: sup 0.485 | W48: inf -0.278 | X48: sup 0.447 | Y48: inf -0.336
B49: taglio | D49: OK | E49: 0.2313575 | F49: OK | G49: 0.15816886 | H49: OK | I49: 0.26996913 | J49: OK | K49: 0.25473607 | L49: OK | M49: 0.2868077 | N49: OK | O49: 0.24789831 | P49: OK | Q49: 0.22502518 | R49: OK | S49: 0.13554209 | T49: OK | U49: 0.22624716 | V49: OK | W49: 0.25246451 | X49: OK | Y49: 0.28579355
D50: sup -0.078 | E50: inf 0.045 | F50: sup -0.479 | G50: inf 0.180 | H50: sup 0.047 | I50: inf -0.022 | J50: sup 0.462 | K50: inf -0.249 | L50: sup 0.413 | M50: inf -0.310 | N50: sup 0.376 | O50: inf -0.247 | P50: sup -0.057 | Q50: inf 0.023 | R50: sup -0.469 | S50: inf 0.165 | T50: sup -0.061 | U50: inf 0.025 | V50: sup 0.448 | W50: inf -0.259 | X50: sup 0.423 | Y50: inf -0.318
B51: momento torcente | D51: OK | E51: 0.12592796 | F51: OK | G51: 0.018973982 | H51: OK | I51: 0.09803712 | J51: OK | K51: 0.19190869 | L51: OK | M51: 0.22278056 | N51: OK | O51: 0.15648813 | P51: OK | Q51: 0.090169541 | R51: OK | S51: 0.022973454 | T51: OK | U51: 0.095109346 | V51: OK | W51: 0.16052313 | X51: OK | Y51: 0.22083139
D52: sup -0.423 | E52: inf 0.241 | F52: sup -0.580 | G52: inf 0.218 | H52: sup -0.438 | I52: inf 0.188 | J52: sup 0.095 | K52: inf -0.052 | L52: sup 0.222 | M52: inf -0.167 | N52: sup -0.002 | O52: inf 0.002 | P52: sup -0.405 | Q52: inf 0.162 | R52: sup -0.544 | S52: inf 0.191 | T52: sup -0.402 | U52: inf 0.168 | V52: sup 0.009 | W52: inf -0.005 | X52: sup 0.230 | Y52: inf -0.173
A53: SLU finale - RESISTENZA E STABILITA' | B53: massimo momento | D53: Cl.3 OK | E53: 0.84606599 | F53: Cl.3 OK | G53: 0.82780716 | H53: Cl.3 OK | I53: 0.7390466 | J53: Cl.3 OK | K53: 0.14557484 | L53: Cl.4 OK | M53: 0.24375766 | N53: Cl.3 OK | O53: 0.25399622 | P53: Cl.3 OK | Q53: 0.73156931 | R53: Cl.3 OK | S53: 0.82573351 | T53: Cl.3 OK | U53: 0.76137385 | V53: Cl.3 OK | W53: 0.2224769 | X53: Cl.4 OK | Y53: 0.25011832
B54: valori verifica elastica | D54: sup -0.499 | E54: inf 0.846 | F54: sup -0.642 | G54: inf 0.828 | H54: sup -0.521 | I54: inf 0.739 | J54: sup 0.084 | K54: inf 0.142 | L54: sup 0.244 | M54: inf -0.161 | N54: sup -0.024 | O54: inf 0.254 | P54: sup -0.451 | Q54: inf 0.732 | R54: sup -0.566 | S54: inf 0.826 | T54: sup -0.442 | U54: inf 0.761 | V54: sup -0.008 | W54: inf 0.222 | X54: sup 0.250 | Y54: inf -0.164
B55: minimo momento | D55: Cl.3 OK | E55: 0.061805703 | F55: Cl.4 OK | G55: 0.53799102 | H55: Cl.4 OK | I55: 0.27600955 | J55: Cl.4 OK | K55: 0.8661171 | L55: Cl.4 OK | M55: 0.86388374 | N55: Cl.4 OK | O55: 0.85353023 | P55: Cl.4 OK | Q55: 0.24920102 | R55: Cl.4 OK | S55: 0.42737523 | T55: Cl.4 OK | U55: 0.23650146 | V55: Cl.4 OK | W55: 0.84733054 | X55: Cl.4 OK | Y55: 0.87252865
B56: valori verifica elastica | D56: sup -0.035 | E56: inf 0.062 | F56: sup -0.538 | G56: inf 0.173 | H56: sup 0.147 | I56: inf -0.276 | J56: sup 0.866 | K56: inf -0.801 | L56: sup 0.831 | M56: inf -0.864 | N56: sup 0.778 | O56: inf -0.854 | P56: sup 0.031 | Q56: inf -0.249 | R56: sup -0.427 | S56: inf 0.012 | T56: sup 0.023 | U56: inf -0.237 | V56: sup 0.847 | W56: inf -0.820 | X56: sup 0.827 | Y56: inf -0.873
B57: taglio | D57: OK | E57: 0.81411775 | F57: OK | G57: 0.75357628 | H57: OK | I57: 0.8029318 | J57: OK | K57: 0.70590647 | L57: OK | M57: 0.87584757 | N57: OK | O57: 0.69844126 | P57: OK | Q57: 0.70510688 | R57: OK | S57: 0.61131656 | T57: OK | U57: 0.70615461 | V57: OK | W57: 0.6983136 | X57: OK | Y57: 0.84834683
D58: sup -0.135 | E58: inf 0.299 | F58: sup -0.597 | G58: inf 0.590 | H58: sup 0.008 | I58: inf 0.105 | J58: sup 0.675 | K58: inf -0.559 | L58: sup 0.725 | M58: inf -0.736 | N58: sup 0.625 | O58: inf -0.651 | P58: sup -0.071 | Q58: inf 0.093 | R58: sup -0.454 | S58: inf 0.414 | T58: sup -0.079 | U58: inf 0.123 | V58: sup 0.693 | W58: inf -0.624 | X58: sup 0.736 | Y58: inf -0.760
B59: momento torcente | D59: OK | E59: 0.55200114 | F59: OK | G59: 0.4562151 | H59: OK | I59: 0.43585926 | J59: OK | K59: 0.53339885 | L59: OK | M59: 0.69893063 | N59: OK | O59: 0.48097357 | P59: OK | Q59: 0.40710744 | R59: OK | S59: 0.37403634 | T59: OK | U59: 0.41686889 | V59: OK | W59: 0.48138005 | X59: OK | Y59: 0.66001776
D60: sup -0.486 | E60: inf 0.718 | F60: sup -0.714 | G60: inf 0.719 | H60: sup -0.505 | I60: inf 0.617 | J60: sup 0.025 | K60: inf 0.050 | L60: sup 0.376 | M60: inf -0.376 | N60: sup -0.031 | O60: inf 0.046 | P60: sup -0.437 | Q60: inf 0.612 | R60: sup -0.636 | S60: inf 0.644 | T60: sup -0.429 | U60: inf 0.637 | V60: sup -0.033 | W60: inf 0.058 | X60: sup 0.410 | Y60: inf -0.321

Sheet Gaudicose
A1: COMMESSA: | B1: 215_ALFONSINE
A2: OPERA D'ARTE: | B2: VIADOTTO DI APPROCCIO EST
A3: Data: | B3: 45128
A4: File Midas: | B4: 02_Alfonsine_Viadotto est
A5: File SuperFoglio: | B5: 05_Alfonsine_Viadotto_EST_SPF
D7: Spalla | L7: Pila | X7: Pila
A8: concio : | D8: 1 | F8: 2 | H8: 3 | J8: 4 | L8: 5 | N8: 6 | P8: 7 | R8: 8 | T8: 9 | V8: 10 | X8: 11
A9: Giunzione bullonata o saldata? (B/S) [hmin | hmax]= | D9: S | E9: S | F9: S | G9: S | H9: S | I9: S | J9: S | K9: S | L9: S | M9: S | N9: S | O9: S | P9: S | Q9: S | R9: S | S9: S | T9: S | U9: S | V9: S | W9: S | X9: S | Y9: S
A10: Armatura longitudinale superiore al metro trasversale [n | Φ /m] = | D10: 5 | E10: 26 | F10: 5 | G10: 20 | H10: 5 | I10: 20 | J10: 10 | K10: 26 | L10: 10 | M10: 26 | N10: 10 | O10: 26 | P10: 10 | Q10: 22 | R10: 10 | S10: 16 | T10: 10 | U10: 22 | V10: 10 | W10: 26 | X10: 10 | Y10: 26
A11: Armatura longitudinale superiore al metro trasversale [mm2/m] = | D11: 2654.6458 | F11: 1570.7963 | H11: 1570.7963 | J11: 5309.2916 | L11: 5309.2916 | N11: 5309.2916 | P11: 3801.3271 | R11: 2010.6193 | T11: 3801.3271 | V11: 5309.2916 | X11: 5309.2916
A12: Distanza dall'estradosso soletta - arm.superiore [mm] = | D12: 50 | F12: 50 | H12: 50 | J12: 50 | L12: 50 | N12: 50 | P12: 50 | R12: 50 | T12: 50 | V12: 50 | X12: 50
A13: Armatura longitudinale inferiore al metro trasversale [n | Φ /m] = | J13: 10 | K13: 26 | L13: 10 | M13: 26 | N13: 10 | O13: 26 | V13: 10 | W13: 26 | X13: 10 | Y13: 26
A14: Armatura longitudinale inferiore al metro trasversale [mm2/m] = | D14: 0 | F14: 0 | H14: 0 | J14: 5309.2916 | L14: 5309.2916 | N14: 5309.2916 | P14: 0 | R14: 0 | T14: 0 | V14: 5309.2916 | X14: 5309.2916
A15: Distanza dall'estradosso soletta - arm.inferiore [mm] = | D15: 289 | F15: 289 | H15: 289 | J15: 270 | L15: 270 | N15: 270 | P15: 289 | R15: 289 | T15: 289 | V15: 270 | X15: 270
A16: Area della diagonale inferiore di controvento [mm2] = | D16: 0 | F16: 0 | H16: 0 | J16: 0 | L16: 0 | N16: 0 | P16: 0 | R16: 0 | T16: 0 | V16: 0 | X16: 0
C17: n° di diagonali in una maglia = | D17: 0 | F17: 0 | H17: 0 | J17: 0 | L17: 0 | N17: 0 | P17: 0 | R17: 0 | T17: 0 | V17: 0 | X17: 0
A18: Larghezza soletta [mm] = | D18: 14300 | F18: 14300 | H18: 14300 | J18: 14300 | L18: 14300 | N18: 14300 | P18: 14300 | R18: 14300 | T18: 14300 | V18: 14300 | X18: 14300
A19: Sbalzo soletta lato di verifica [mm] = | D19: 2650 | F19: 2650 | H19: 2650 | J19: 2650 | L19: 2650 | N19: 2650 | P19: 2650 | R19: 2650 | T19: 2650 | V19: 2650 | X19: 2650
A20: Riduzione soletta collaborante [sbalzo | interno ] [mm] = | D20: 0 | E20: 0 | F20: 0 | G20: 0 | H20: 0 | I20: 0 | J20: 0 | K20: 0 | L20: 0 | M20: 0 | N20: 0 | O20: 0 | P20: 0 | Q20: 0 | R20: 0 | S20: 0 | T20: 0 | U20: 0 | V20: 0 | W20: 0 | X20: 0 | Y20: 0
A21: LAMIERE
C22: Rapporto limite per il web breathing | rapporto bw/tw | D22: 184 | E22: 106.8 | F22: 184 | G22: 131.625 | H22: 184 | I22: 105.3 | J22: 184 | K22: 87.5 | L22: 184 | M22: 85 | N22: 230 | O22: 86.666667 | P22: 230 | Q22: 105.3 | R22: 230 | S22: 131.625 | T22: 230 | U22: 105.6 | V22: 230 | W22: 87.5 | X22: 230 | Y22: 85
A23: concio : | D23: 1 | F23: 2 | H23: 3 | J23: 4 | L23: 5 | N23: 6 | P23: 7 | R23: 8 | T23: 9 | V23: 10 | X23: 11
A24: Lunghezza della travata [mm] = | D24: 38500 | F24: 38500 | H24: 38500 | J24: 38500 | L24: 38500 | N24: 50000 | P24: 50000 | R24: 50000 | T24: 50000 | V24: 50000 | X24: 50000
A25: Interasse superiore fra le travi [hmin | hmax] [mm] = | D25: 9000 | E25: 9000 | F25: 9000 | G25: 9000 | H25: 9000 | I25: 9000 | J25: 9000 | K25: 9000 | L25: 9000 | M25: 9000 | N25: 9000 | O25: 9000 | P25: 9000 | Q25: 9000 | R25: 9000 | S25: 9000 | T25: 9000 | U25: 9000 | V25: 9000 | W25: 9000 | X25: 9000 | Y25: 9000
A26: Inclinazione dell'anima [° | rad] = | D26: 0 | E26: 0 | F26: 0 | G26: 0 | H26: 0 | I26: 0 | J26: 0 | K26: 0 | L26: 0 | M26: 0 | N26: 0 | O26: 0 | P26: 0 | Q26: 0 | R26: 0 | S26: 0 | T26: 0 | U26: 0 | V26: 0 | W26: 0 | X26: 0 | Y26: 0
A27: Interasse inferiore fra le travi hmin | hmax [mm] = | D27: 9000 | E27: 9000 | F27: 9000 | G27: 9000 | H27: 9000 | I27: 9000 | J27: 9000 | K27: 9000 | L27: 9000 | M27: 9000 | N27: 9000 | O27: 9000 | P27: 9000 | Q27: 9000 | R27: 9000 | S27: 9000 | T27: 9000 | U27: 9000 | V27: 9000 | W27: 9000 | X27: 9000 | Y27: 9000
A28: Lunghezza concio [mm] = | D28: 7000 | F28: 11000 | H28: 10000 | J28: 5500 | L28: 10000 | N28: 7500 | P28: 7500 | R28: 10000 | T28: 7500 | V28: 7500 | X28: 10000
A29: Altezza media della trave [mm] = | D29: 2200 | F29: 2200 | H29: 2200 | J29: 2200 | L29: 2200 | N29: 2200 | P29: 2200 | R29: 2200 | T29: 2200 | V29: 2200 | X29: 2200
A30: Altezza minima della trave h1 [mm] = | D30: 2200 | F30: 2200 | H30: 2200 | J30: 2200 | L30: 2200 | N30: 2200 | P30: 2200 | R30: 2200 | T30: 2200 | V30: 2200 | X30: 2200
A31: Altezza massima della trave h2 [mm] = | D31: 2200 | F31: 2200 | H31: 2200 | J31: 2200 | L31: 2200 | N31: 2200 | P31: 2200 | R31: 2200 | T31: 2200 | V31: 2200 | X31: 2200
C32: area [mm2] = | D32: 93120 | F32: 108096 | H32: 116520 | J32: 135400 | L32: 216960 | N32: 146160 | P32: 116520 | R32: 108096 | T32: 111840 | V32: 138400 | X32: 216960
C33: peso concio [kg | kg/m] = | D33: 5116.944 | E33: 730.992 | F33: 9334.0896 | G33: 848.5536 | H33: 9146.82 | I33: 914.682 | J33: 5845.895 | K33: 1062.89 | L33: 17031.36 | M33: 1703.136 | N33: 8605.17 | O33: 1147.356 | P33: 6860.115 | Q33: 914.682 | R33: 8485.536 | S33: 848.5536 | T33: 6584.58 | U33: 877.944 | V33: 8148.3 | W33: 1086.44 | X33: 17031.36 | Y33: 1703.136
A34: Larghezza e spessore pb superiore esterna [mm] = | D34: 600 | E34: 24 | F34: 600 | G34: 24 | H34: 600 | I34: 24 | J34: 700 | K34: 30 | L34: 900 | M34: 40 | N34: 800 | O34: 40 | P34: 600 | Q34: 24 | R34: 600 | S34: 24 | T34: 600 | U34: 24 | V34: 800 | W34: 30 | X34: 900 | Y34: 40
A35: Larghezza e spessore pb superiore interna [mm] = | L35: 800 | M35: 40 | X35: 800 | Y35: 40
A36: Spessore e altezza anima [mm] = | D36: 20 | E36: 2136 | F36: 16 | G36: 2106 | H36: 20 | I36: 2106 | J36: 24 | K36: 2100 | L36: 24 | M36: 2040 | N36: 24 | O36: 2090 | P36: 20 | Q36: 2106 | R36: 16 | S36: 2106 | T36: 20 | U36: 2112 | V36: 24 | W36: 2100 | X36: 24 | Y36: 2040
A37: Larghezza e spessore pb inferiore interna [mm] = | F37: 800 | G37: 30 | H37: 800 | I37: 30 | J37: 800 | K37: 30 | L37: 1200 | M37: 40 | N37: 800 | O37: 30 | P37: 800 | Q37: 30 | R37: 800 | S37: 30 | T37: 800 | U37: 24 | V37: 800 | W37: 30 | X37: 1200 | Y37: 40
A38: Larghezza e spessore pb inferiore esterna [mm] = | D38: 900 | E38: 40 | F38: 900 | G38: 40 | H38: 900 | I38: 40 | J38: 1000 | K38: 40 | L38: 1300 | M38: 40 | N38: 1000 | O38: 40 | P38: 900 | Q38: 40 | R38: 900 | S38: 40 | T38: 900 | U38: 40 | V38: 1000 | W38: 40 | X38: 1300 | Y38: 40
A39: Concio fessurato / non fessurato [hmin | hmax] = | D39: NF | E39: NF | F39: NF | G39: NF | H39: NF | I39: NF | J39: NF | K39: F | L39: NF | M39: F | N39: NF | O39: F | P39: NF | Q39: NF | R39: NF | S39: NF | T39: NF | U39: NF | V39: NF | W39: F | X39: NF | Y39: F
A40: Stato prevalente soletta | D40: compressa | F40: compressa | H40: compressa | J40: tesa | L40: tesa | N40: tesa | P40: compressa | R40: compressa | T40: compressa | V40: tesa | X40: tesa
A41: Warning = | F41: Efficacia pb inf 100% | H41: Efficacia pb inf 100% | J41: Efficacia pb inf 100% | L41: Efficacia pb inf 100% | N41: Efficacia pb inf 100% | P41: Efficacia pb inf 100% | R41: Efficacia pb inf 100% | T41: Efficacia pb inf 99% | V41: Efficacia pb inf 100% | X41: Efficacia pb inf 100%
A42: RISULTATI DELLE VERIFICHE | L42: Conci calcolati SLU | M42: 12 | N42: / 17 | R42: Conci calcolati SLU | S42: 12 | T42: / 17 | X42: Conci calcolati fase g | Y42: 23
A44: concio : | D44: 1 | F44: 2 | H44: 3 | J44: 4 | L44: 5 | N44: 6 | P44: 7 | R44: 8 | T44: 9 | V44: 10 | X44: 11
A45: SLU fase g - RESISTENZA E STABILITA' | B45: massimo momento | D45: OK | E45: 0.42339835 | F45: OK | G45: 0.57984644 | H45: OK | I45: 0.43822279 | J45: OK | K45: 0.095478766 | L45: OK | M45: 0.22210967 | N45: OK | O45: 0.0024777283 | P45: OK | Q45: 0.40484878 | R45: OK | S45: 0.54438403 | T45: OK | U45: 0.40244195 | V45: OK | W45: 0.008883118 | X45: OK | Y45: 0.2302477
D46: sup -0.423 | E46: inf 0.241 | F46: sup -0.580 | G46: inf 0.218 | H46: sup -0.438 | I46: inf 0.188 | J46: sup 0.095 | K46: inf -0.052 | L46: sup 0.222 | M46: inf -0.167 | N46: sup -0.002 | O46: inf 0.002 | P46: sup -0.405 | Q46: inf 0.162 | R46: sup -0.544 | S46: inf 0.191 | T46: sup -0.402 | U46: inf 0.168 | V46: sup 0.009 | W46: inf -0.005 | X46: sup 0.230 | Y46: inf -0.173
B47: minimo momento | D47: OK | E47: 5.7126234e-05 | F47: OK | G47: 0.45123007 | H47: OK | I47: 0.12551842 | J47: OK | K47: 0.092142247 | L47: OK | M47: 0.4372538 | N47: OK | O47: 0.40883912 | P47: OK | Q47: 0.01512273 | R47: OK | S47: 0.44395636 | T47: OK | U47: 0.01465048 | V47: OK | W47: 0.48542387 | X47: OK | Y47: 0.44719451
D48: sup 0.000 | E48: inf 0.000 | F48: sup -0.451 | G48: inf 0.170 | H48: sup 0.126 | I48: inf -0.057 | J48: sup -0.082 | K48: inf -0.092 | L48: sup 0.437 | M48: inf -0.328 | N48: sup 0.409 | O48: inf -0.269 | P48: sup 0.015 | Q48: inf -0.007 | R48: sup -0.444 | S48: inf 0.156 | T48: sup 0.015 | U48: inf -0.007 | V48: sup 0.485 | W48: inf -0.278 | X48: sup 0.447 | Y48: inf -0.336
B49: taglio | D49: OK | E49: 0.23142295 | F49: OK | G49: 0.15820935 | H49: OK | I49: 0.27007484 | J49: OK | K49: 0.2547902 | L49: OK | M49: 0.28685231 | N49: OK | O49: 0.24784023 | P49: OK | Q49: 0.22498986 | R49: OK | S49: 0.13544772 | T49: OK | U49: 0.22616402 | V49: OK | W49: 0.25250006 | X49: OK | Y49: 0.28581954
D50: sup -0.078 | E50: inf 0.045 | F50: sup -0.479 | G50: inf 0.180 | H50: sup 0.047 | I50: inf -0.022 | J50: sup 0.462 | K50: inf -0.249 | L50: sup 0.413 | M50: inf -0.310 | N50: sup 0.376 | O50: inf -0.247 | P50: sup -0.057 | Q50: inf 0.023 | R50: sup -0.469 | S50: inf 0.165 | T50: sup -0.061 | U50: inf 0.025 | V50: sup 0.448 | W50: inf -0.259 | X50: sup 0.423 | Y50: inf -0.318
B51: momento torcente | D51: OK | E51: 0.12385233 | F51: OK | G51: 0.0058458523 | H51: OK | I51: 0.095475299 | J51: OK | K51: 0.18989898 | L51: OK | M51: 0.22136091 | N51: OK | O51: 0.15429945 | P51: OK | Q51: 0.088891774 | R51: OK | S51: 0.0018309883 | T51: OK | U51: 0.093782622 | V51: OK | W51: 0.15842545 | X51: OK | Y51: 0.21938622
D52: sup -0.423 | E52: inf 0.241 | F52: sup -0.580 | G52: inf 0.218 | H52: sup -0.438 | I52: inf 0.188 | J52: sup 0.096 | K52: inf -0.052 | L52: sup 0.222 | M52: inf -0.167 | N52: sup -0.002 | O52: inf 0.002 | P52: sup -0.405 | Q52: inf 0.162 | R52: sup -0.544 | S52: inf 0.191 | T52: sup -0.402 | U52: inf 0.168 | V52: sup 0.009 | W52: inf -0.005 | X52: sup 0.230 | Y52: inf -0.173
A53: SLU finale - RESISTENZA E STABILITA' | B53: massimo momento | D53: Cl.3 OK | E53: 0.84605247 | F53: Cl.3 OK | G53: 0.82779719 | H53: Cl.3 OK | I53: 0.73905048 | J53: Cl.3 OK | K53: 0.14554887 | L53: Cl.4 OK | M53: 0.24371596 | N53: Cl.3 OK | O53: 0.25401399 | P53: Cl.3 OK | Q53: 0.73157772 | R53: Cl.3 OK | S53: 0.82574443 | T53: Cl.3 OK | U53: 0.76139778 | V53: Cl.3 OK | W53: 0.22246026 | X53: Cl.4 OK | Y53: 0.25011369
B54: valori verifica elastica | D54: sup -0.499 | E54: inf 0.846 | F54: sup -0.642 | G54: inf 0.828 | H54: sup -0.522 | I54: inf 0.739 | J54: sup 0.084 | K54: inf 0.142 | L54: sup 0.244 | M54: inf -0.161 | N54: sup -0.024 | O54: inf 0.254 | P54: sup -0.451 | Q54: inf 0.732 | R54: sup -0.566 | S54: inf 0.826 | T54: sup -0.442 | U54: inf 0.761 | V54: sup -0.008 | W54: inf 0.222 | X54: sup 0.250 | Y54: inf -0.164
B55: minimo momento | D55: Cl.3 OK | E55: 0.028712457 | F55: Cl.4 OK | G55: 0.5379003 | H55: Cl.4 OK | I55: 0.27600527 | J55: Cl.4 OK | K55: 0.86618849 | L55: Cl.4 OK | M55: 0.86391742 | N55: Cl.4 OK | O55: 0.81841309 | P55: Cl.4 OK | Q55: 0.22821808 | R55: Cl.4 OK | S55: 0.42918593 | T55: Cl.4 OK | U55: 0.21473222 | V55: Cl.4 OK | W55: 0.82506825 | X55: Cl.4 OK | Y55: 0.84003915
B56: valori verifica elastica | D56: sup -0.029 | E56: inf 0.007 | F56: sup -0.538 | G56: inf 0.173 | H56: sup 0.147 | I56: inf -0.276 | J56: sup 0.866 | K56: inf -0.801 | L56: sup 0.831 | M56: inf -0.864 | N56: sup 0.756 | O56: inf -0.818 | P56: sup 0.028 | Q56: inf -0.228 | R56: sup -0.429 | S56: inf 0.031 | T56: sup 0.021 | U56: inf -0.215 | V56: sup 0.825 | W56: inf -0.785 | X56: sup 0.804 | Y56: inf -0.840
B57: taglio | D57: OK | E57: 0.81427113 | F57: OK | G57: 0.74325851 | H57: OK | I57: 0.80279011 | J57: OK | K57: 0.70602784 | L57: OK | M57: 0.87576285 | N57: OK | O57: 0.68522553 | P57: OK | Q57: 0.68653131 | R57: OK | S57: 0.61127959 | T57: OK | U57: 0.67569062 | V57: OK | W57: 0.67010559 | X57: OK | Y57: 0.84823628
D58: sup -0.130 | E58: inf 0.283 | F58: sup -0.596 | G58: inf 0.583 | H58: sup 0.013 | I58: inf 0.090 | J58: sup 0.680 | K58: inf -0.568 | L58: sup 0.727 | M58: inf -0.738 | N58: sup 0.595 | O58: inf -0.602 | P58: sup -0.075 | Q58: inf 0.124 | R58: sup -0.453 | S58: inf 0.408 | T58: sup -0.080 | U58: inf 0.127 | V58: sup 0.676 | W58: inf -0.598 | X58: sup 0.737 | Y58: inf -0.761
B59: momento torcente | D59: OK | E59: 0.54456614 | F59: OK | G59: 0.43783298 | H59: OK | I59: 0.43916365 | J59: OK | K59: 0.53545962 | L59: OK | M59: 0.70675358 | N59: OK | O59: 0.47190521 | P59: OK | Q59: 0.37834124 | R59: OK | S59: 0.34510065 | T59: OK | U59: 0.38823826 | V59: OK | W59: 0.47987351 | X59: OK | Y59: 0.65876238
D60: sup -0.481 | E60: inf 0.674 | F60: sup -0.701 | G60: inf 0.641 | H60: sup -0.487 | I60: inf 0.480 | J60: sup 0.163 | K60: inf -0.150 | L60: sup 0.476 | M60: inf -0.510 | N60: sup -0.049 | O60: inf 0.073 | P60: sup -0.475 | Q60: inf 0.381 | R60: sup -0.635 | S60: inf 0.633 | T60: sup -0.418 | U60: inf 0.410 | V60: sup 0.110 | W60: inf -0.164 | X60: sup 0.518 | Y60: inf -0.458

Sheet Delta
A1: COMMESSA: | B1: 215_ALFONSINE
A2: OPERA D'ARTE: | B2: VIADOTTO DI APPROCCIO EST
A3: Data: | B3: 45128
A4: File Midas: | B4: 02_Alfonsine_Viadotto est
A5: File SuperFoglio: | B5: 05_Alfonsine_Viadotto_EST_SPF
D7: Spalla | L7: Pila | X7: Pila
A8: concio : | D8: 1 | F8: 2 | H8: 3 | J8: 4 | L8: 5 | N8: 6 | P8: 7 | R8: 8 | T8: 9 | V8: 10 | X8: 11
A9: Giunzione bullonata o saldata? (B/S) [hmin | hmax]= | D9: S | E9: S | F9: S | G9: S | H9: S | I9: S | J9: S | K9: S | L9: S | M9: S | N9: S | O9: S | P9: S | Q9: S | R9: S | S9: S | T9: S | U9: S | V9: S | W9: S | X9: S | Y9: S
A10: Armatura longitudinale superiore al metro trasversale [n | Φ /m] = | D10: 5 | E10: 26 | F10: 5 | G10: 20 | H10: 5 | I10: 20 | J10: 10 | K10: 26 | L10: 10 | M10: 26 | N10: 10 | O10: 26 | P10: 10 | Q10: 22 | R10: 10 | S10: 16 | T10: 10 | U10: 22 | V10: 10 | W10: 26 | X10: 10 | Y10: 26
A11: Armatura longitudinale superiore al metro trasversale [mm2/m] = | D11: 2654.6458 | F11: 1570.7963 | H11: 1570.7963 | J11: 5309.2916 | L11: 5309.2916 | N11: 5309.2916 | P11: 3801.3271 | R11: 2010.6193 | T11: 3801.3271 | V11: 5309.2916 | X11: 5309.2916
A12: Distanza dall'estradosso soletta - arm.superiore [mm] = | D12: 50 | F12: 50 | H12: 50 | J12: 50 | L12: 50 | N12: 50 | P12: 50 | R12: 50 | T12: 50 | V12: 50 | X12: 50
A13: Armatura longitudinale inferiore al metro trasversale [n | Φ /m] = | J13: 10 | K13: 26 | L13: 10 | M13: 26 | N13: 10 | O13: 26 | V13: 10 | W13: 26 | X13: 10 | Y13: 26
A14: Armatura longitudinale inferiore al metro trasversale [mm2/m] = | D14: 0 | F14: 0 | H14: 0 | J14: 5309.2916 | L14: 5309.2916 | N14: 5309.2916 | P14: 0 | R14: 0 | T14: 0 | V14: 5309.2916 | X14: 5309.2916
A15: Distanza dall'estradosso soletta - arm.inferiore [mm] = | D15: 289 | F15: 289 | H15: 289 | J15: 270 | L15: 270 | N15: 270 | P15: 289 | R15: 289 | T15: 289 | V15: 270 | X15: 270
A16: Area della diagonale inferiore di controvento [mm2] = | D16: 0 | F16: 0 | H16: 0 | J16: 0 | L16: 0 | N16: 0 | P16: 0 | R16: 0 | T16: 0 | V16: 0 | X16: 0
C17: n° di diagonali in una maglia = | D17: 0 | F17: 0 | H17: 0 | J17: 0 | L17: 0 | N17: 0 | P17: 0 | R17: 0 | T17: 0 | V17: 0 | X17: 0
A18: Larghezza soletta [mm] = | D18: 14300 | F18: 14300 | H18: 14300 | J18: 14300 | L18: 14300 | N18: 14300 | P18: 14300 | R18: 14300 | T18: 14300 | V18: 14300 | X18: 14300
A19: Sbalzo soletta lato di verifica [mm] = | D19: 2650 | F19: 2650 | H19: 2650 | J19: 2650 | L19: 2650 | N19: 2650 | P19: 2650 | R19: 2650 | T19: 2650 | V19: 2650 | X19: 2650
A20: Riduzione soletta collaborante [sbalzo | interno ] [mm] = | D20: 0 | E20: 0 | F20: 0 | G20: 0 | H20: 0 | I20: 0 | J20: 0 | K20: 0 | L20: 0 | M20: 0 | N20: 0 | O20: 0 | P20: 0 | Q20: 0 | R20: 0 | S20: 0 | T20: 0 | U20: 0 | V20: 0 | W20: 0 | X20: 0 | Y20: 0
A21: LAMIERE
C22: Rapporto limite per il web breathing | rapporto bw/tw | D22: 184 | E22: 106.8 | F22: 184 | G22: 131.625 | H22: 184 | I22: 105.3 | J22: 184 | K22: 87.5 | L22: 184 | M22: 85 | N22: 230 | O22: 86.666667 | P22: 230 | Q22: 105.3 | R22: 230 | S22: 131.625 | T22: 230 | U22: 105.6 | V22: 230 | W22: 87.5 | X22: 230 | Y22: 85
A23: concio : | D23: 1 | F23: 2 | H23: 3 | J23: 4 | L23: 5 | N23: 6 | P23: 7 | R23: 8 | T23: 9 | V23: 10 | X23: 11
A24: Lunghezza della travata [mm] = | D24: 38500 | F24: 38500 | H24: 38500 | J24: 38500 | L24: 38500 | N24: 50000 | P24: 50000 | R24: 50000 | T24: 50000 | V24: 50000 | X24: 50000
A25: Interasse superiore fra le travi [hmin | hmax] [mm] = | D25: 9000 | E25: 9000 | F25: 9000 | G25: 9000 | H25: 9000 | I25: 9000 | J25: 9000 | K25: 9000 | L25: 9000 | M25: 9000 | N25: 9000 | O25: 9000 | P25: 9000 | Q25: 9000 | R25: 9000 | S25: 9000 | T25: 9000 | U25: 9000 | V25: 9000 | W25: 9000 | X25: 9000 | Y25: 9000
A26: Inclinazione dell'anima [° | rad] = | D26: 0 | E26: 0 | F26: 0 | G26: 0 | H26: 0 | I26: 0 | J26: 0 | K26: 0 | L26: 0 | M26: 0 | N26: 0 | O26: 0 | P26: 0 | Q26: 0 | R26: 0 | S26: 0 | T26: 0 | U26: 0 | V26: 0 | W26: 0 | X26: 0 | Y26: 0
A27: Interasse inferiore fra le travi hmin | hmax [mm] = | D27: 9000 | E27: 9000 | F27: 9000 | G27: 9000 | H27: 9000 | I27: 9000 | J27: 9000 | K27: 9000 | L27: 9000 | M27: 9000 | N27: 9000 | O27: 9000 | P27: 9000 | Q27: 9000 | R27: 9000 | S27: 9000 | T27: 9000 | U27: 9000 | V27: 9000 | W27: 9000 | X27: 9000 | Y27: 9000
A28: Lunghezza concio [mm] = | D28: 7000 | F28: 11000 | H28: 10000 | J28: 5500 | L28: 10000 | N28: 7500 | P28: 7500 | R28: 10000 | T28: 7500 | V28: 7500 | X28: 10000
A29: Altezza media della trave [mm] = | D29: 2200 | F29: 2200 | H29: 2200 | J29: 2200 | L29: 2200 | N29: 2200 | P29: 2200 | R29: 2200 | T29: 2200 | V29: 2200 | X29: 2200
A30: Altezza minima della trave h1 [mm] = | D30: 2200 | F30: 2200 | H30: 2200 | J30: 2200 | L30: 2200 | N30: 2200 | P30: 2200 | R30: 2200 | T30: 2200 | V30: 2200 | X30: 2200
A31: Altezza massima della trave h2 [mm] = | D31: 2200 | F31: 2200 | H31: 2200 | J31: 2200 | L31: 2200 | N31: 2200 | P31: 2200 | R31: 2200 | T31: 2200 | V31: 2200 | X31: 2200
C32: area [mm2] = | D32: 93120 | F32: 108096 | H32: 116520 | J32: 135400 | L32: 216960 | N32: 146160 | P32: 116520 | R32: 108096 | T32: 111840 | V32: 138400 | X32: 216960
C33: peso concio [kg | kg/m] = | D33: 5116.944 | E33: 730.992 | F33: 9334.0896 | G33: 848.5536 | H33: 9146.82 | I33: 914.682 | J33: 5845.895 | K33: 1062.89 | L33: 17031.36 | M33: 1703.136 | N33: 8605.17 | O33: 1147.356 | P33: 6860.115 | Q33: 914.682 | R33: 8485.536 | S33: 848.5536 | T33: 6584.58 | U33: 877.944 | V33: 8148.3 | W33: 1086.44 | X33: 17031.36 | Y33: 1703.136
A34: Larghezza e spessore pb superiore esterna [mm] = | D34: 600 | E34: 24 | F34: 600 | G34: 24 | H34: 600 | I34: 24 | J34: 700 | K34: 30 | L34: 900 | M34: 40 | N34: 800 | O34: 40 | P34: 600 | Q34: 24 | R34: 600 | S34: 24 | T34: 600 | U34: 24 | V34: 800 | W34: 30 | X34: 900 | Y34: 40
A35: Larghezza e spessore pb superiore interna [mm] = | L35: 800 | M35: 40 | X35: 800 | Y35: 40
A36: Spessore e altezza anima [mm] = | D36: 20 | E36: 2136 | F36: 16 | G36: 2106 | H36: 20 | I36: 2106 | J36: 24 | K36: 2100 | L36: 24 | M36: 2040 | N36: 24 | O36: 2090 | P36: 20 | Q36: 2106 | R36: 16 | S36: 2106 | T36: 20 | U36: 2112 | V36: 24 | W36: 2100 | X36: 24 | Y36: 2040
A37: Larghezza e spessore pb inferiore interna [mm] = | F37: 800 | G37: 30 | H37: 800 | I37: 30 | J37: 800 | K37: 30 | L37: 1200 | M37: 40 | N37: 800 | O37: 30 | P37: 800 | Q37: 30 | R37: 800 | S37: 30 | T37: 800 | U37: 24 | V37: 800 | W37: 30 | X37: 1200 | Y37: 40
A38: Larghezza e spessore pb inferiore esterna [mm] = | D38: 900 | E38: 40 | F38: 900 | G38: 40 | H38: 900 | I38: 40 | J38: 1000 | K38: 40 | L38: 1300 | M38: 40 | N38: 1000 | O38: 40 | P38: 900 | Q38: 40 | R38: 900 | S38: 40 | T38: 900 | U38: 40 | V38: 1000 | W38: 40 | X38: 1300 | Y38: 40
A39: Concio fessurato / non fessurato [hmin | hmax] = | D39: NF | E39: NF | F39: NF | G39: NF | H39: NF | I39: NF | J39: NF | K39: F | L39: NF | M39: F | N39: NF | O39: F | P39: NF | Q39: NF | R39: NF | S39: NF | T39: NF | U39: NF | V39: NF | W39: F | X39: NF | Y39: F
A40: Stato prevalente soletta | D40: compressa | F40: compressa | H40: compressa | J40: tesa | L40: tesa | N40: tesa | P40: compressa | R40: compressa | T40: compressa | V40: tesa | X40: tesa
A41: Warning = | F41: Efficacia pb inf 100% | H41: Efficacia pb inf 100% | J41: Efficacia pb inf 100% | L41: Efficacia pb inf 100% | N41: Efficacia pb inf 100% | P41: Efficacia pb inf 100% | R41: Efficacia pb inf 100% | T41: Efficacia pb inf 99% | V41: Efficacia pb inf 100% | X41: Efficacia pb inf 100%
A42: RISULTATI DELLE VERIFICHE | L42: Conci calcolati SLU | M42: 12 | N42: / 17 | R42: Conci calcolati SLU | S42: 12 | T42: / 17 | X42: Conci calcolati fase g | Y42: 23
A44: concio : | D44: 1 | F44: 2 | H44: 3 | J44: 4 | L44: 5 | N44: 6 | P44: 7 | R44: 8 | T44: 9 | V44: 10 | X44: 11
A45: SLU fase g - RESISTENZA E STABILITA' | B45: massimo momento | D45: OK | E45: =Variecose!E45-Gaudicose!E45 -> 5.1187201e-06 | F45: OK | G45: =Variecose!G45-Gaudicose!G45 -> -1.4545799e-05 | H45: OK | I45: =Variecose!I45-Gaudicose!I45 -> -2.3738917e-06 | J45: OK | K45: =Variecose!K45-Gaudicose!K45 -> -2.1937633e-05 | L45: OK | M45: =Variecose!M45-Gaudicose!M45 -> 9.5061705e-06 | N45: OK | O45: =Variecose!O45-Gaudicose!O45 -> 1.7510447e-05 | P45: OK | Q45: =Variecose!Q45-Gaudicose!Q45 -> 2.6012681e-05 | R45: OK | S45: =Variecose!S45-Gaudicose!S45 -> 2.8677097e-06 | T45: OK | U45: =Variecose!U45-Gaudicose!U45 -> 2.3844778e-05 | V45: OK | W45: =Variecose!W45-Gaudicose!W45 -> 1.5090529e-05 | X45: OK | Y45: =Variecose!Y45-Gaudicose!Y45 -> 1.7511367e-06
D46: =IF(Variecose!D46=Gaudicose!D46,TRUE,FALSE) -> TRUE | E46: =IF(Variecose!E46=Gaudicose!E46,TRUE,FALSE) -> TRUE | F46: =IF(Variecose!F46=Gaudicose!F46,TRUE,FALSE) -> TRUE | G46: =IF(Variecose!G46=Gaudicose!G46,TRUE,FALSE) -> TRUE | H46: =IF(Variecose!H46=Gaudicose!H46,TRUE,FALSE) -> TRUE | I46: =IF(Variecose!I46=Gaudicose!I46,TRUE,FALSE) -> TRUE | J46: =IF(Variecose!J46=Gaudicose!J46,TRUE,FALSE) -> TRUE | K46: =IF(Variecose!K46=Gaudicose!K46,TRUE,FALSE) -> TRUE | ... Y46: =IF(Variecose!Y46=Gaudicose!Y46,TRUE,FALSE) -> TRUE
B47: minimo momento | D47: OK | E47: =Variecose!E47-Gaudicose!E47 -> 0 | F47: OK | G47: =Variecose!G47-Gaudicose!G47 -> 5.4543807e-06 | H47: OK | I47: =Variecose!I47-Gaudicose!I47 -> -2.8852272e-05 | J47: OK | K47: =Variecose!K47-Gaudicose!K47 -> 3.943966e-06 | L47: OK | M47: =Variecose!M47-Gaudicose!M47 -> 1.1507469e-05 | N47: OK | O47: =Variecose!O47-Gaudicose!O47 -> 7.4540953e-06 | P47: OK | Q47: =Variecose!Q47-Gaudicose!Q47 -> 3.174729e-05 | R47: OK | S47: =Variecose!S47-Gaudicose!S47 -> 3.5368377e-05 | T47: OK | U47: =Variecose!U47-Gaudicose!U47 -> -1.5739563e-05 | V47: OK | W47: =Variecose!W47-Gaudicose!W47 -> -2.6038395e-06 | X47: OK | Y47: =Variecose!Y47-Gaudicose!Y47 -> 7.7300176e-05
D48: =IF(Variecose!D48=Gaudicose!D48,TRUE,FALSE) -> TRUE | E48: =IF(Variecose!E48=Gaudicose!E48,TRUE,FALSE) -> TRUE | F48: =IF(Variecose!F48=Gaudicose!F48,TRUE,FALSE) -> TRUE | G48: =IF(Variecose!G48=Gaudicose!G48,TRUE,FALSE) -> TRUE | H48: =IF(Variecose!H48=Gaudicose!H48,TRUE,FALSE) -> FALSE | I48: =IF(Variecose!I48=Gaudicose!I48,TRUE,FALSE) -> TRUE | J48: =IF(Variecose!J48=Gaudicose!J48,TRUE,FALSE) -> TRUE | K48: =IF(Variecose!K48=Gaudicose!K48,TRUE,FALSE) -> TRUE | ... Y48: =IF(Variecose!Y48=Gaudicose!Y48,TRUE,FALSE) -> TRUE
B49: taglio | D49: OK | E49: =Variecose!E49-Gaudicose!E49 -> -6.5449636e-05 | F49: OK | G49: =Variecose!G49-Gaudicose!G49 -> -4.0486737e-05 | H49: OK | I49: =Variecose!I49-Gaudicose!I49 -> -0.00010570745 | J49: OK | K49: =Variecose!K49-Gaudicose!K49 -> -5.4124001e-05 | L49: OK | M49: =Variecose!M49-Gaudicose!M49 -> -4.46028e-05 | N49: OK | O49: =Variecose!O49-Gaudicose!O49 -> 5.8084893e-05 | P49: OK | Q49: =Variecose!Q49-Gaudicose!Q49 -> 3.5319918e-05 | R49: OK | S49: =Variecose!S49-Gaudicose!S49 -> 9.4363851e-05 | T49: OK | U49: =Variecose!U49-Gaudicose!U49 -> 8.3140953e-05 | V49: OK | W49: =Variecose!W49-Gaudicose!W49 -> -3.5544155e-05 | X49: OK | Y49: =Variecose!Y49-Gaudicose!Y49 -> -2.5997954e-05
D50: =IF(Variecose!D50=Gaudicose!D50,TRUE,FALSE) -> TRUE | E50: =IF(Variecose!E50=Gaudicose!E50,TRUE,FALSE) -> TRUE | F50: =IF(Variecose!F50=Gaudicose!F50,TRUE,FALSE) -> TRUE | G50: =IF(Variecose!G50=Gaudicose!G50,TRUE,FALSE) -> TRUE | H50: =IF(Variecose!H50=Gaudicose!H50,TRUE,FALSE) -> TRUE | I50: =IF(Variecose!I50=Gaudicose!I50,TRUE,FALSE) -> TRUE | J50: =IF(Variecose!J50=Gaudicose!J50,TRUE,FALSE) -> TRUE | K50: =IF(Variecose!K50=Gaudicose!K50,TRUE,FALSE) -> TRUE | ... Y50: =IF(Variecose!Y50=Gaudicose!Y50,TRUE,FALSE) -> TRUE
B51: momento torcente | D51: OK | E51: =Variecose!E51-Gaudicose!E51 -> 0.0020756272 | F51: OK | G51: =Variecose!G51-Gaudicose!G51 -> 0.01312813 | H51: OK | I51: =Variecose!I51-Gaudicose!I51 -> 0.0025618217 | J51: OK | K51: =Variecose!K51-Gaudicose!K51 -> 0.0020097124 | L51: OK | M51: =Variecose!M51-Gaudicose!M51 -> 0.0014196513 | N51: OK | O51: =Variecose!O51-Gaudicose!O51 -> 0.0021886815 | P51: OK | Q51: =Variecose!Q51-Gaudicose!Q51 -> 0.0012777665 | R51: OK | S51: =Variecose!S51-Gaudicose!S51 -> 0.021142466 | T51: OK | U51: =Variecose!U51-Gaudicose!U51 -> 0.0013267243 | V51: OK | W51: =Variecose!W51-Gaudicose!W51 -> 0.0020976743 | X51: OK | Y51: =Variecose!Y51-Gaudicose!Y51 -> 0.0014451681
D52: =IF(Variecose!D52=Gaudicose!D52,TRUE,FALSE) -> TRUE | E52: =IF(Variecose!E52=Gaudicose!E52,TRUE,FALSE) -> TRUE | F52: =IF(Variecose!F52=Gaudicose!F52,TRUE,FALSE) -> TRUE | G52: =IF(Variecose!G52=Gaudicose!G52,TRUE,FALSE) -> TRUE | H52: =IF(Variecose!H52=Gaudicose!H52,TRUE,FALSE) -> TRUE | I52: =IF(Variecose!I52=Gaudicose!I52,TRUE,FALSE) -> TRUE | J52: =IF(Variecose!J52=Gaudicose!J52,TRUE,FALSE) -> FALSE | K52: =IF(Variecose!K52=Gaudicose!K52,TRUE,FALSE) -> TRUE | ... Y52: =IF(Variecose!Y52=Gaudicose!Y52,TRUE,FALSE) -> TRUE
A53: SLU finale - RESISTENZA E STABILITA' | B53: massimo momento | D53: OK | E53: =Variecose!E53-Gaudicose!E53 -> 1.3520896e-05 | F53: OK | G53: =Variecose!G53-Gaudicose!G53 -> 9.9702487e-06 | H53: OK | I53: =Variecose!I53-Gaudicose!I53 -> -3.8792422e-06 | J53: OK | K53: =Variecose!K53-Gaudicose!K53 -> 2.5970928e-05 | L53: OK | M53: =Variecose!M53-Gaudicose!M53 -> 4.1695478e-05 | N53: OK | O53: =Variecose!O53-Gaudicose!O53 -> -1.7764968e-05 | P53: OK | Q53: =Variecose!Q53-Gaudicose!Q53 -> -8.4087866e-06 | R53: OK | S53: =Variecose!S53-Gaudicose!S53 -> -1.0918073e-05 | T53: OK | U53: =Variecose!U53-Gaudicose!U53 -> -2.3926124e-05 | V53: OK | W53: =Variecose!W53-Gaudicose!W53 -> 1.6640024e-05 | X53: OK | Y53: =Variecose!Y53-Gaudicose!Y53 -> 4.6240061e-06
B54: valori verifica elastica | D54: =IF(Variecose!D54=Gaudicose!D54,TRUE,FALSE) -> TRUE | E54: =IF(Variecose!E54=Gaudicose!E54,TRUE,FALSE) -> TRUE | F54: =IF(Variecose!F54=Gaudicose!F54,TRUE,FALSE) -> TRUE | G54: =IF(Variecose!G54=Gaudicose!G54,TRUE,FALSE) -> TRUE | H54: =IF(Variecose!H54=Gaudicose!H54,TRUE,FALSE) -> FALSE | I54: =IF(Variecose!I54=Gaudicose!I54,TRUE,FALSE) -> TRUE | J54: =IF(Variecose!J54=Gaudicose!J54,TRUE,FALSE) -> TRUE | K54: =IF(Variecose!K54=Gaudicose!K54,TRUE,FALSE) -> TRUE | ... Y54: =IF(Variecose!Y54=Gaudicose!Y54,TRUE,FALSE) -> TRUE
B55: minimo momento | D55: OK | E55: =Variecose!E55-Gaudicose!E55 -> 0.033093247 | F55: OK | G55: =Variecose!G55-Gaudicose!G55 -> 9.0723874e-05 | H55: OK | I55: =Variecose!I55-Gaudicose!I55 -> 4.2752795e-06 | J55: OK | K55: =Variecose!K55-Gaudicose!K55 -> -7.1386872e-05 | L55: OK | M55: =Variecose!M55-Gaudicose!M55 -> -3.3679332e-05 | N55: OK | O55: =Variecose!O55-Gaudicose!O55 -> 0.035117139 | P55: OK | Q55: =Variecose!Q55-Gaudicose!Q55 -> 0.020982938 | R55: OK | S55: =Variecose!S55-Gaudicose!S55 -> -0.0018106982 | T55: OK | U55: =Variecose!U55-Gaudicose!U55 -> 0.021769243 | V55: OK | W55: =Variecose!W55-Gaudicose!W55 -> 0.022262294 | X55: OK | Y55: =Variecose!Y55-Gaudicose!Y55 -> 0.032489505
B56: valori verifica elastica | D56: =IF(Variecose!D56=Gaudicose!D56,TRUE,FALSE) -> FALSE | E56: =IF(Variecose!E56=Gaudicose!E56,TRUE,FALSE) -> FALSE | F56: =IF(Variecose!F56=Gaudicose!F56,TRUE,FALSE) -> TRUE | G56: =IF(Variecose!G56=Gaudicose!G56,TRUE,FALSE) -> TRUE | H56: =IF(Variecose!H56=Gaudicose!H56,TRUE,FALSE) -> TRUE | I56: =IF(Variecose!I56=Gaudicose!I56,TRUE,FALSE) -> TRUE | J56: =IF(Variecose!J56=Gaudicose!J56,TRUE,FALSE) -> TRUE | K56: =IF(Variecose!K56=Gaudicose!K56,TRUE,FALSE) -> TRUE | ... Y56: =IF(Variecose!Y56=Gaudicose!Y56,TRUE,FALSE) -> FALSE
B57: taglio | D57: OK | E57: =Variecose!E57-Gaudicose!E57 -> -0.00015338107 | F57: OK | G57: =Variecose!G57-Gaudicose!G57 -> 0.010317768 | H57: OK | I57: =Variecose!I57-Gaudicose!I57 -> 0.00014169085 | J57: OK | K57: =Variecose!K57-Gaudicose!K57 -> -0.00012137082 | L57: OK | M57: =Variecose!M57-Gaudicose!M57 -> 8.4719642e-05 | N57: OK | O57: =Variecose!O57-Gaudicose!O57 -> 0.013215723 | P57: OK | Q57: =Variecose!Q57-Gaudicose!Q57 -> 0.018575566 | R57: OK | S57: =Variecose!S57-Gaudicose!S57 -> 3.6968627e-05 | T57: OK | U57: =Variecose!U57-Gaudicose!U57 -> 0.030463994 | V57: OK | W57: =Variecose!W57-Gaudicose!W57 -> 0.028208009 | X57: OK | Y57: =Variecose!Y57-Gaudicose!Y57 -> 0.00011055037
D58: =IF(Variecose!D58=Gaudicose!D58,TRUE,FALSE) -> FALSE | E58: =IF(Variecose!E58=Gaudicose!E58,TRUE,FALSE) -> FALSE | F58: =IF(Variecose!F58=Gaudicose!F58,TRUE,FALSE) -> FALSE | G58: =IF(Variecose!G58=Gaudicose!G58,TRUE,FALSE) -> FALSE | H58: =IF(Variecose!H58=Gaudicose!H58,TRUE,FALSE) -> FALSE | I58: =IF(Variecose!I58=Gaudicose!I58,TRUE,FALSE) -> FALSE | J58: =IF(Variecose!J58=Gaudicose!J58,TRUE,FALSE) -> FALSE | K58: =IF(Variecose!K58=Gaudicose!K58,TRUE,FALSE) -> FALSE | ... Y58: =IF(Variecose!Y58=Gaudicose!Y58,TRUE,FALSE) -> FALSE
B59: momento torcente | D59: OK | E59: =Variecose!E59-Gaudicose!E59 -> 0.0074349987 | F59: OK | G59: =Variecose!G59-Gaudicose!G59 -> 0.018382117 | H59: OK | I59: =Variecose!I59-Gaudicose!I59 -> -0.003304391 | J59: OK | K59: =Variecose!K59-Gaudicose!K59 -> -0.0020607687 | L59: OK | M59: =Variecose!M59-Gaudicose!M59 -> -0.0078229459 | N59: OK | O59: =Variecose!O59-Gaudicose!O59 -> 0.0090683606 | P59: OK | Q59: =Variecose!Q59-Gaudicose!Q59 -> 0.028766202 | R59: OK | S59: =Variecose!S59-Gaudicose!S59 -> 0.028935687 | T59: OK | U59: =Variecose!U59-Gaudicose!U59 -> 0.028630628 | V59: OK | W59: =Variecose!W59-Gaudicose!W59 -> 0.0015065363 | X59: OK | Y59: =Variecose!Y59-Gaudicose!Y59 -> 0.0012553774
D60: =IF(Variecose!D60=Gaudicose!D60,TRUE,FALSE) -> FALSE | E60: =IF(Variecose!E60=Gaudicose!E60,TRUE,FALSE) -> FALSE | F60: =IF(Variecose!F60=Gaudicose!F60,TRUE,FALSE) -> FALSE | G60: =IF(Variecose!G60=Gaudicose!G60,TRUE,FALSE) -> FALSE | H60: =IF(Variecose!H60=Gaudicose!H60,TRUE,FALSE) -> FALSE | I60: =IF(Variecose!I60=Gaudicose!I60,TRUE,FALSE) -> FALSE | J60: =IF(Variecose!J60=Gaudicose!J60,TRUE,FALSE) -> FALSE | K60: =IF(Variecose!K60=Gaudicose!K60,TRUE,FALSE) -> FALSE | ... Y60: =IF(Variecose!Y60=Gaudicose!Y60,TRUE,FALSE) -> FALSE
